{"expanding": {"loss": [1769.1514892578125, 2590.7236328125, 0.4810011684894562, 65.14546203613281, 87.1637191772461, 50.385658264160156, 3.2442970275878906, 2276.087158203125, 437.05780029296875, 100.70933532714844, 31.258380889892578, 121.77671813964844, 0.323192834854126, 0.08249971270561218, 11.365018844604492, 825.312255859375, 31.48062515258789, 15.186820030212402, 930.1641235351562, 2310.47265625, 0.19593718647956848, 2610.09765625, 1943.755859375, 2949.619873046875, 161.8673858642578, 32.964744567871094, 0.6367253661155701, 299.3430480957031, 7.320719242095947, 28.805309295654297, 24.8266658782959, 232.74331665039062, 26.32158851623535, 58.33817672729492, 8.95088005065918, 86.59928894042969, 1238.30517578125, 50.641326904296875, 838.8560791015625, 38.72201919555664, 2889.163330078125, 12.426335334777832, 3.9325833320617676, 293.6781005859375, 1679.66650390625, 345.204345703125, 49.8990592956543, 36.617584228515625, 1543.99169921875, 1758.225341796875, 888.668701171875, 40.165184020996094, 1080.6212158203125, 1818.3905029296875, 954.25537109375, 227.6396026611328, 54.313568115234375, 1468.0513916015625, 1.3572360277175903, 63.770103454589844, 1148.6990966796875, 63.406532287597656, 630.7805786132812, 1113.339111328125, 347.1534118652344, 14.271063804626465, 1749.781005859375, 0.08953094482421875, 18.50062370300293, 9.579882621765137, 41.38037872314453, 1882.3775634765625, 4.187948226928711, 89.85628509521484, 0.8920801877975464, 153.65643310546875, 0.8673750758171082, 51.572017669677734, 1076.313720703125, 224.33441162109375, 1862.3961181640625, 442.8636169433594, 4.211925506591797, 1216.688232421875, 2.7809746265411377, 32.52963638305664, 50.19623947143555, 1522.85546875, 74.97821807861328, 354.3228454589844, 13.856749534606934, 3.6326401233673096, 1722.71044921875, 64.10856628417969, 2073.820068359375, 384.4521789550781, 801.6780395507812, 2774.406494140625, 52.900840759277344, 617.6426391601562], "iters": [1, 1, 23, 2, 1, 1, 2, 1, 1, 2, 1, 1, 2, 4, 1, 1, 1, 1, 1, 1, 1, 1, 1, 1, 1, 1, 2, 1, 2, 1, 25, 1, 2, 2, 3, 1, 1, 1, 1, 1, 1, 1, 2, 1, 1, 1, 2, 1, 1, 1, 1, 1, 2, 1, 1, 1, 1, 1, 1, 2, 1, 2, 1, 1, 1, 2, 1, 1, 2, 1, 1, 1, 1, 1, 2, 1, 1, 1, 1, 1, 1, 1, 1, 1, 1, 2, 1, 1, 1, 1, 2, 1, 1, 1, 1, 1, 1, 1, 2, 1], "window": [25, 25, 45, 32, 25, 9, 44, 26, 24, 40, 54, 26, 36, 42, 11, 26, 54, 25, 26, 26, 17, 25, 25, 25, 26, 26, 48, 23, 51, 7, 29, 25, 38, 34, 28, 13, 26, 52, 26, 26, 23, 5, 46, 25, 26, 25, 44, 5, 26, 26, 25, 21, 27, 25, 25, 26, 15, 26, 11, 38, 25, 28, 26, 25, 21, 44, 24, 19, 46, 25, 21, 25, 7, 21, 50, 26, 15, 7, 26, 26, 24, 26, 26, 22, 5, 30, 26, 26, 15, 25, 48, 23, 26, 15, 26, 25, 26, 26, 46, 25]}, "standard": {"loss": [1066.672119140625, 69.04239654541016, 194.87657165527344, 9.993508338928223, 65.31892395019531, 6.925074577331543, 50.935367584228516, 11.375760078430176, 19.63294792175293, 101.88101959228516, 1.4613850116729736, 21.04527473449707, 92.90303802490234, 17.567230224609375, 8.933974266052246, 118.31694793701172, 53.64854049682617, 62.43109130859375, 17.58461570739746, 7.437950134277344, 85.93113708496094, 11.658636093139648, 144.68673706054688, 111.42929077148438, 5.697300434112549, 109.18122863769531, 124.66584777832031, 2.8302249908447266, 11.989656448364258, 148.76036071777344, 21.84445571899414, 4.730463981628418, 61.52656936645508, 33.251495361328125, 6.940783977508545, 13.541194915771484, 30.599536895751953, 109.68148040771484, 0.020189523696899414, 47.360504150390625, 0.4061300456523895, 101.52989196777344, 59.76445388793945, 5.952364921569824, 157.72259521484375, 0.29262775182724, 49.68796920776367, 124.57906341552734, 47.063846588134766, 0.004933794494718313, 110.0946044921875, 49.42131042480469, 42.746517181396484, 0.938528299331665, 0.06458757072687149, 8.888947486877441, 11.051546096801758, 24.138769149780273, 95.77101135253906, 1.3969237804412842, 2.3145201206207275, 114.62336730957031, 7.812867641448975, 0.42727115750312805, 89.40499114990234, 83.84159088134766, 106.24591064453125, 16.412878036499023, 17.05892562866211, 23.01833724975586, 9.58755874633789, 16.273529052734375, 6.9771318435668945, 0.16702555119991302, 184.05813598632812, 14.379840850830078, 24.174110412597656, 3.752398729324341, 0.12261645495891571, 57.63505935668945, 29.441709518432617, 211.7074432373047, 24.864076614379883, 34.749725341796875, 67.62960815429688, 0.1764785796403885, 60.026851654052734, 0.5880289077758789, 14.96694278717041, 126.4478530883789, 0.000728817074559629, 50.1827278137207, 0.018175141885876656, 20.73927116394043, 16.298343658447266, 5.99269437789917, 25.29279136657715, 108.94721984863281, 50.69470977783203, 2.4281563758850098], "iters": [0, 0, 0, 0, 0, 0, 0, 0, 0, 0, 0, 0, 0, 0, 0, 0, 0, 0, 0, 0, 0, 0, 0, 0, 0, 0, 0, 0, 0, 0, 0, 0, 0, 0, 0, 0, 0, 0, 0, 0, 0, 0, 0, 0, 0, 0, 0, 0, 0, 0, 0, 0, 0, 0, 0, 0, 0, 0, 0, 0, 0, 0, 0, 0, 0, 0, 0, 0, 0, 0, 0, 0, 0, 0, 0, 0, 0, 0, 0, 0, 0, 0, 0, 0, 0, 0, 0, 0, 0, 0, 0, 0, 0, 0, 0, 0, 0, 0, 0, 0], "window": [0.0, 0.0, 0.0, 0.0, 0.0, 0.0, 0.0, 0.0, 0.0, 0.0, 0.0, 0.0, 0.0, 0.0, 0.0, 0.0, 0.0, 0.0, 0.0, 0.0, 0.0, 0.0, 0.0, 0.0, 0.0, 0.0, 0.0, 0.0, 0.0, 0.0, 0.0, 0.0, 0.0, 0.0, 0.0, 0.0, 0.0, 0.0, 0.0, 0.0, 0.0, 0.0, 0.0, 0.0, 0.0, 0.0, 0.0, 0.0, 0.0, 0.0, 0.0, 0.0, 0.0, 0.0, 0.0, 0.0, 0.0, 0.0, 0.0, 0.0, 0.0, 0.0, 0.0, 0.0, 0.0, 0.0, 0.0, 0.0, 0.0, 0.0, 0.0, 0.0, 0.0, 0.0, 0.0, 0.0, 0.0, 0.0, 0.0, 0.0, 0.0, 0.0, 0.0, 0.0, 0.0, 0.0, 0.0, 0.0, 0.0, 0.0, 0.0, 0.0, 0.0, 0.0, 0.0, 0.0, 0.0, 0.0, 0.0, 0.0]}}