{"standard": [152522432.0, 133648200.0, 147977856.0, 107107216.0, 105497664.0, 130942968.0, 103353096.0, 135642992.0, 97281208.0, 123132296.0, 94526248.0, 114082720.0, 83162464.0, 88579808.0, 91274264.0, 91887056.0, 94958488.0, 92268072.0, 88440400.0, 73958120.0, 85616496.0, 85298968.0, 75553128.0, 68415536.0, 66576912.0, 61274604.0, 65897816.0, 53357108.0, 66157096.0, 57914384.0, 52119120.0, 48291276.0, 36646800.0, 40816116.0, 49711688.0, 45229428.0, 44387908.0, 38385592.0, 41735800.0, 38868624.0, 36913100.0, 31336314.0, 33191738.0, 35222108.0, 30563638.0, 25763066.0, 25740892.0, 25824102.0, 20614120.0, 20089786.0], "long": [119035832.0, 66761320.0, 51419532.0, 33371668.0, 12547355.0, 4419260.0, 1202646.5, 141544.0, 3853.908447265625, 13.412174224853516, 0.5287722945213318, 2.392352342605591, 2.8235507011413574, 0.9500298500061035, 1.272037386894226, 0.5604283809661865, 0.5348668098449707, 0.9942481517791748, 0.5143222212791443, 3.806598424911499, 8.221623420715332, 2.808919906616211, 1.0982673168182373, 1.20785653591156, 0.5724348425865173, 0.6786146759986877, 4.025999069213867, 1.0018736124038696, 0.9353777170181274, 0.5343417525291443, 0.5364368557929993, 0.7397440075874329, 1.097361445426941, 0.542653501033783, 5.360992431640625, 1.5495903491973877, 0.5348259210586548, 1.3820608854293823, 1.3691627979278564, 1.7948156595230103, 2.4548633098602295, 4.054621696472168, 2.75679349899292, 0.5583587884902954, 1.2592178583145142, 2.1910924911499023, 0.5516749620437622, 0.5269303321838379, 0.7208279371261597, 1.2531862258911133]}