{"standard": [20270.078125, 16698.314453125, 14509.8896484375, 10754.4921875, 14477.3759765625, 12686.0341796875, 10223.1123046875, 9122.1865234375, 11387.5751953125, 10663.7060546875, 8427.47265625, 10052.373046875, 9514.4853515625, 9200.8486328125, 9238.9228515625, 7480.1611328125, 10600.0263671875, 9137.7373046875, 11382.0966796875, 10445.37890625, 8880.32421875, 8971.4365234375, 6213.802734375, 10715.962890625, 10388.193359375, 11106.4150390625, 8740.2841796875, 9231.7890625, 8368.90625, 7480.38818359375, 11333.4853515625, 7346.6787109375, 9956.1884765625, 8307.6689453125, 9611.20703125, 9161.5224609375, 7997.1025390625, 9667.5478515625, 8253.3251953125, 10152.494140625, 8153.1689453125, 7832.9501953125, 9844.369140625, 7068.833984375, 8630.4228515625, 8466.1962890625, 6915.203125, 8454.2783203125, 8577.6689453125, 7861.28369140625], "long": [18724.84765625, 20034.8046875, 16675.3046875, 17788.666015625, 17998.341796875, 14670.5986328125, 14438.6591796875, 14330.6923828125, 13956.4775390625, 13479.48046875, 12846.05859375, 13936.505859375, 10733.5, 12636.03515625, 11760.392578125, 12210.837890625, 11635.9384765625, 9866.384765625, 9925.65625, 9927.244140625, 8775.029296875, 9363.8740234375, 8543.6259765625, 3093.04052734375, 2799.801025390625, 2815.47216796875, 2345.68115234375, 2415.827392578125, 2859.462158203125, 2662.788818359375, 2462.344482421875, 2593.18359375, 2109.365966796875, 2561.468994140625, 2597.712890625, 2625.242431640625, 2938.1767578125, 2360.846923828125, 2583.603515625, 2357.401611328125, 2195.6318359375, 2502.9873046875, 2499.760009765625, 2601.656494140625, 2558.203125, 2541.21240234375, 2680.708740234375, 2213.878662109375, 2200.07177734375, 2556.68212890625]}