{"standard": [152522432.0, 133648200.0, 147977856.0, 107107216.0, 105497664.0, 130942968.0, 103353096.0, 135642992.0, 97281208.0, 123132296.0, 94526248.0, 114082720.0, 83162464.0, 88579808.0, 91274264.0, 91887056.0, 94958488.0, 92268072.0, 88440400.0, 73958120.0, 85616496.0, 85298968.0, 75553128.0, 68415536.0, 66576912.0, 61274604.0, 65897816.0, 53357108.0, 66157096.0, 57914384.0, 52119120.0, 48291276.0, 36646800.0, 40816116.0, 49711688.0, 45229428.0, 44387908.0, 38385592.0, 41735800.0, 38868624.0, 36913100.0, 31336314.0, 33191738.0, 35222108.0, 30563638.0, 25763066.0, 25740892.0, 25824102.0, 20614120.0, 20089786.0], "long": [119035832.0, 66761320.0, 51419532.0, 33371668.0, 12547355.0, 4419260.0, 1202646.5, 141543.515625, 3853.784423828125, 13.414167404174805, 0.5284186005592346, 2.3388876914978027, 2.4313437938690186, 0.8336037993431091, 1.4172574281692505, 0.5513361096382141, 0.5348668098449707, 1.1102007627487183, 0.5143223404884338, 4.707394599914551, 9.455582618713379, 2.808387041091919, 1.1926159858703613, 1.1717889308929443, 0.5725904703140259, 0.6983920931816101, 3.630729913711548, 1.0909550189971924, 1.0176208019256592, 0.5327955484390259, 0.5396888256072998, 0.6738570928573608, 1.1672921180725098, 0.5432102084159851, 7.291071891784668, 1.5169302225112915, 0.5352929830551147, 1.412980079650879, 1.0692634582519531, 1.4009116888046265, 2.318977117538452, 4.336940765380859, 2.864459276199341, 0.5580140948295593, 1.0272345542907715, 2.4573051929473877, 0.5513559579849243, 0.5266996622085571, 0.7124544382095337, 1.3472059965133667]}