{"expanding": [2780.587646484375, 102.47067260742188, 0.07157763838768005, 0.3825796842575073, 0.01130057591944933, 0.09823885560035706, 0.398127943277359, 1.0239530801773071, 1.132021188735962, 0.5840573310852051, 0.13172394037246704, 0.3453821837902069, 0.08218008279800415, 0.015501268208026886, 1.7385140657424927, 1.0588104487396777e-05, 0.6667496562004089, 0.16135601699352264, 0.708121120929718, 0.13719576597213745, 0.3266981542110443, 0.05848860740661621, 0.06553822010755539, 0.07932273298501968, 0.006573573220521212], "long": [737.0582885742188, 1.0458945035934448, 29.467878341674805, 1092.732666015625, 0.022185705602169037, 0.5848330855369568, 12.211605072021484, 85.51473236083984, 8.678169250488281, 0.36445215344429016, 2.800398111343384, 2.092226505279541, 79.73761749267578, 34.16631317138672, 10.125507354736328, 13.746578216552734, 4.264518737792969, 38.63187026977539, 46.98610305786133, 1.274627447128296, 23.079633712768555, 8.941205024719238, 0.2749861180782318, 0.15285027027130127, 43.44942092895508]}