{"expanding": [3104.862548828125, 3046.7333984375, 3212.11962890625, 3102.526611328125, 3083.878173828125, 3076.28466796875, 2996.540771484375, 3178.174560546875, 3139.59033203125, 3137.963134765625], "long": [63027.62890625, 227.96376037597656, 165.79165649414062, 12.623167991638184, 2.0872414112091064, 5.516183376312256, 2.5103602409362793, 0.5009564161300659, 0.17687302827835083, 0.041382282972335815]}