{"0": {"long": [2813.781005859375, 1191.57177734375, 569.8866577148438, 328.5259094238281, 252.8881378173828, 222.0058135986328, 199.31443786621094, 212.10125732421875, 209.91934204101562, 182.68263244628906, 197.72793579101562, 190.0824737548828, 212.7477569580078, 182.83497619628906, 143.93215942382812, 162.79078674316406, 140.64202880859375, 149.08001708984375, 140.59666442871094, 134.6631317138672], "standard": [3408.546630859375, 2511.664306640625, 2462.2998046875, 2485.987548828125, 2702.4111328125, 2212.25146484375, 2350.07177734375, 2318.3525390625, 2367.824951171875, 2226.45654296875, 2244.0849609375, 1876.2489013671875, 2128.906982421875, 2284.508544921875, 2142.4189453125, 2246.8671875, 2281.38427734375, 2633.78466796875, 2000.3223876953125, 2142.89111328125]}, "1": {"long": [15891.2900390625, 7692.14892578125, 3237.107177734375, 1012.8231811523438, 215.27236938476562, 43.11808776855469, 25.815906524658203, 22.042192459106445, 24.324474334716797, 25.100019454956055, 28.266489028930664, 22.302892684936523, 24.00127410888672, 24.166044235229492, 24.10811996459961, 27.988489151000977, 20.2801570892334, 22.255714416503906, 26.609844207763672, 20.94336700439453], "standard": [14500.0595703125, 7944.35009765625, 3541.949951171875, 1249.0506591796875, 274.37176513671875, 57.483036041259766, 23.802610397338867, 27.08698272705078, 25.462757110595703, 23.396045684814453, 26.30364227294922, 25.27496910095215, 26.433917999267578, 22.79975128173828, 24.343971252441406, 24.850595474243164, 27.4029598236084, 20.094411849975586, 25.051877975463867, 30.101526260375977]}, "2": {"long": [10008.482421875, 3479.497802734375, 918.915771484375, 139.88026428222656, 54.77188491821289, 46.37728500366211, 48.76348114013672, 54.553646087646484, 51.074195861816406, 48.01323318481445, 51.688682556152344, 41.41990661621094, 42.8282470703125, 38.745601654052734, 48.612464904785156, 42.102210998535156, 36.785213470458984, 36.305137634277344, 38.574371337890625, 41.5691032409668], "standard": [9614.08984375, 2887.456787109375, 590.3082275390625, 90.87545013427734, 44.03285217285156, 41.58653259277344, 45.34083938598633, 42.873905181884766, 43.84479522705078, 42.24853515625, 36.848846435546875, 42.357635498046875, 43.580806732177734, 42.28531265258789, 41.44431686401367, 43.92161178588867, 39.65520095825195, 43.9727783203125, 38.40333557128906, 40.74695587158203]}, "3": {"long": [14681.18359375, 8639.66796875, 4577.56689453125, 2014.045166015625, 669.901123046875, 178.7712860107422, 47.843963623046875, 46.72426223754883, 44.87076187133789, 36.253143310546875, 48.032562255859375, 48.72541809082031, 51.630741119384766, 43.322227478027344, 42.09565353393555, 46.262752532958984, 38.377235412597656, 30.324644088745117, 37.58071517944336, 42.97169876098633], "standard": [12586.3916015625, 7876.93994140625, 3759.453125, 1348.6756591796875, 408.6690673828125, 113.35547637939453, 61.88166046142578, 40.352909088134766, 50.02206039428711, 46.42913055419922, 43.586158752441406, 42.80680847167969, 47.5788688659668, 38.71300506591797, 40.62446212768555, 38.79009246826172, 42.97122573852539, 35.250038146972656, 36.399658203125, 49.02626037597656]}, "4": {"long": [27324.482421875, 16390.255859375, 10726.5498046875, 6122.87646484375, 3254.167236328125, 2398.970703125, 570.012939453125, 518.6485595703125, 588.37060546875, 593.72265625, 497.7212829589844, 389.7227783203125, 420.9488220214844, 439.4365234375, 517.104736328125, 404.3353271484375, 419.2314758300781, 472.97283935546875, 453.9981994628906, 334.99871826171875], "standard": [24057.8671875, 11030.76953125, 3767.762451171875, 1032.999755859375, 399.6778564453125, 345.1195373535156, 342.76214599609375, 291.6927490234375, 298.11163330078125, 296.8529968261719, 290.0322570800781, 286.4566650390625, 284.2391357421875, 305.055908203125, 307.5008544921875, 294.0396728515625, 274.1654968261719, 283.784423828125, 288.7041320800781, 294.9317626953125]}, "5": {"long": [2217.8671875, 140.29736328125, 6.889599800109863, 4.645131587982178, 4.687092304229736, 5.318259239196777, 4.533633708953857, 3.8935635089874268, 3.107684850692749, 2.67645263671875, 3.0496819019317627, 2.8416059017181396, 2.7277181148529053, 2.5402016639709473, 3.3031997680664062, 2.9260406494140625, 2.490320920944214, 3.157679557800293, 2.947974920272827, 2.925407648086548], "standard": [2250.213134765625, 104.45462036132812, 6.3604044914245605, 4.857054233551025, 5.734993934631348, 5.235484600067139, 3.9957447052001953, 3.709573268890381, 2.9351110458374023, 3.2340588569641113, 2.553643226623535, 2.6630868911743164, 2.6115775108337402, 3.3152964115142822, 2.661022663116455, 2.2885184288024902, 2.362253189086914, 2.6061835289001465, 2.344066858291626, 2.7717621326446533]}, "6": {"long": [2881.4169921875, 422.7807922363281, 92.41461181640625, 59.173301696777344, 51.913421630859375, 57.97244644165039, 52.97793960571289, 65.8777084350586, 48.531192779541016, 58.74653244018555, 51.36030197143555, 60.72389602661133, 44.516441345214844, 41.205711364746094, 46.34648895263672, 41.599609375, 39.70170974731445, 41.375633239746094, 46.1890983581543, 45.19163131713867], "standard": [2015.8013916015625, 292.924560546875, 67.08222961425781, 74.36170196533203, 57.391326904296875, 54.72187042236328, 58.859474182128906, 56.459102630615234, 60.9299430847168, 54.44541549682617, 62.777442932128906, 58.09195327758789, 51.595848083496094, 49.073612213134766, 48.95957565307617, 57.5947380065918, 49.93195343017578, 59.43167495727539, 55.7547607421875, 56.5780143737793]}, "7": {"long": [20225.234375, 11957.009765625, 5885.7626953125, 2726.61865234375, 953.7718505859375, 218.86599731445312, 74.27091979980469, 69.74028015136719, 71.33425903320312, 61.57337951660156, 77.68782043457031, 75.38627624511719, 66.34817504882812, 70.63092041015625, 67.3284912109375, 65.9586181640625, 69.05298614501953, 58.64927673339844, 65.51844787597656, 74.37938690185547], "standard": [21662.078125, 12969.4599609375, 6404.82763671875, 2826.758056640625, 1029.75244140625, 271.3878173828125, 100.12358093261719, 74.09346771240234, 90.49962615966797, 77.42444610595703, 68.67692565917969, 79.3156509399414, 80.32430267333984, 70.18738555908203, 68.4731674194336, 66.32087707519531, 66.90946197509766, 65.84642028808594, 68.4646987915039, 62.00666809082031]}, "8": {"long": [4950.27880859375, 1718.719970703125, 331.828857421875, 63.105323791503906, 31.559764862060547, 32.52482986450195, 33.276241302490234, 28.563180923461914, 30.103761672973633, 28.93402099609375, 24.719348907470703, 32.36892318725586, 30.05020523071289, 28.088388442993164, 28.748571395874023, 26.560087203979492, 27.080547332763672, 25.491352081298828, 23.160707473754883, 34.018104553222656], "standard": [5563.8525390625, 1644.5128173828125, 389.9393310546875, 73.11141967773438, 35.0649528503418, 32.15200424194336, 33.40547561645508, 29.963973999023438, 31.756006240844727, 31.383657455444336, 29.101987838745117, 37.008262634277344, 25.650663375854492, 25.30325698852539, 29.478557586669922, 28.65875816345215, 28.087989807128906, 29.71607208251953, 25.064584732055664, 29.956445693969727]}, "9": {"long": [16751.873046875, 12110.7490234375, 8401.4677734375, 5774.30859375, 3902.388427734375, 3076.1826171875, 1709.1090087890625, 984.7885131835938, 342.808837890625, 262.1469421386719, 138.49679565429688, 98.59333801269531, 92.67774200439453, 112.22000885009766, 84.51486206054688, 96.44790649414062, 97.840087890625, 80.55461883544922, 82.02555847167969, 97.57791900634766], "standard": [19665.00390625, 15917.4697265625, 15661.875, 15672.994140625, 14410.2138671875, 14904.5498046875, 14883.1396484375, 15715.00390625, 16497.3046875, 14761.28125, 15796.4697265625, 14455.8095703125, 14123.357421875, 13990.232421875, 13894.5439453125, 13096.0078125, 13684.5126953125, 13005.1845703125, 12234.724609375, 13130.2177734375]}}